[
  {
    "Disease": "Malaria",
    "Causes": "Mosquito bite (Plasmodium parasite)",
    "Symptoms": "Fever, chills, headache, nausea",
    "Remedies / Reliefs": "Antimalarial drugs, mosquito nets, insect repellents, hydration, rest"
  },
  {
    "Disease": "Dengue",
    "Causes": "Mosquito bite (Aedes aegypti)",
    "Symptoms": "High fever, joint pain, rash",
    "Remedies / Reliefs": "Paracetamol, hydration, rest, mosquito control, cold compress"
  },
  {
    "Disease": "Typhoid",
    "Causes": "Salmonella bacteria (contaminated food/water)",
    "Symptoms": "Fever, stomach pain, diarrhea",
    "Remedies / Reliefs": "Antibiotics, hydration, avoid street food, boiled water, soft diet"
  },
  {
    "Disease": "Cholera",
    "Causes": "Vibrio cholerae (contaminated water/food)",
    "Symptoms": "Diarrhea, vomiting, dehydration",
    "Remedies / Reliefs": "Oral rehydration, clean water, zinc supplements, antibiotics, proper sanitation"
  },
  {
    "Disease": "Tuberculosis",
    "Causes": "Mycobacterium tuberculosis",
    "Symptoms": "Persistent cough, fever, weight loss",
    "Remedies / Reliefs": "Antibiotic therapy (DOTS), nutrition, rest, avoid crowded places, masks"
  },
  {
    "Disease": "Malnutrition",
    "Causes": "Poor diet, poverty",
    "Symptoms": "Weakness, stunted growth, fatigue",
    "Remedies / Reliefs": "Balanced diet, supplements, breastfeeding, fortified food, regular check-ups"
  },
  {
    "Disease": "Diabetes",
    "Causes": "Insulin resistance, obesity",
    "Symptoms": "Frequent urination, thirst, fatigue",
    "Remedies / Reliefs": "Diet control, insulin/medication, exercise, weight management, regular monitoring"
  },
  {
    "Disease": "Hypertension",
    "Causes": "Poor diet, stress, genetics",
    "Symptoms": "Headache, dizziness, blurred vision",
    "Remedies / Reliefs": "Low-salt diet, exercise, medication, stress management, avoid alcohol"
  },
  {
    "Disease": "Heart Disease",
    "Causes": "High cholesterol, sedentary lifestyle",
    "Symptoms": "Chest pain, fatigue, shortness of breath",
    "Remedies / Reliefs": "Healthy diet, exercise, medication, stress management, avoid smoking"
  },
  {
    "Disease": "Asthma",
    "Causes": "Allergens, pollution, genetics",
    "Symptoms": "Wheezing, coughing, shortness of breath",
    "Remedies / Reliefs": "Inhalers, avoid triggers, breathing exercises, medications, hydration"
  }
]